StudentID,RollNumber,FirstName,LastName,Gender,DOB,Department,Year,Phone,Email,HostelID,RoomID,AdmissionDate
1,U23CSE0001,Aditya,Yadav,Male,2005-08-08,CSE,3,+916834738299,aditya.yadav23@university.edu,1,1,2023-08-26
2,U25CSE0002,Aman,Iyer,Male,2007-02-08,CSE,1,+919566701065,aman.iyer25@university.edu,1,1,2025-07-07
3,U22ECE0001,Pranav,Malhotra,Male,2004-01-03,ECE,4,+917473178108,pranav.malhotra22@university.edu,1,1,2022-07-06
4,U24MEC0001,Aman,Joshi,Male,2006-12-24,Mechanical,2,+919026064746,aman.joshi24@university.edu,1,2,2024-08-05
5,U25ECE0002,Krishna,Kumar,Male,2007-09-03,ECE,1,+916500978820,krishna.kumar25@university.edu,1,2,2025-07-03
6,U24AID0001,Manish,Gupta,Male,2006-11-19,AI & DS,2,+919193990916,manish.gupta24@university.edu,1,3,2024-08-09
7,U23AID0002,Krishna,Pandey,Male,2005-10-19,AI & DS,3,+917462475107,krishna.pandey23@university.edu,1,3,2023-07-03
8,U23CIV0001,Pranav,Iyer,Male,2005-10-26,Civil,3,+917513542784,pranav.iyer23@university.edu,1,4,2023-07-22
9,U25EEE0001,Rudra,Shah,Male,2007-12-11,EEE,1,+917411824493,rudra.shah25@university.edu,1,4,2025-07-22
10,U22EEE0002,Sai,Chauhan,Male,2004-03-24,EEE,4,+918016400524,sai.chauhan22@university.edu,1,4,2022-08-18
11,U25CIV0002,Varun,Chopra,Male,2007-03-02,Civil,1,+916128059826,varun.chopra25@university.edu,1,5,2025-08-12
12,U23CSE0003,Veer,Khanna,Male,2005-03-14,CSE,3,+917315869232,veer.khanna23@university.edu,1,5,2023-07-06
13,U22EEE0003,Dhruv,Khanna,Male,2004-06-10,EEE,4,+917421607337,dhruv.khanna22@university.edu,1,6,2022-07-08
14,U22ECE0003,Aarav,Pandey,Male,2004-02-09,ECE,4,+918414586850,aarav.pandey22@university.edu,1,6,2022-07-19
15,U22CSE0004,Rohan,Verma,Male,2004-01-23,CSE,4,+918569816934,rohan.verma22@university.edu,1,7,2022-08-01
16,U24CIV0003,Nikhil,Khanna,Male,2006-11-14,Civil,2,+918615951484,nikhil.khanna24@university.edu,1,7,2024-08-13
17,U24CIV0004,Varun,Kumar,Male,2006-05-10,Civil,2,+917662994680,varun.kumar24@university.edu,1,8,2024-07-14
18,U23CIV0005,Ayaan,Pillai,Male,2005-11-21,Civil,3,+919773872148,ayaan.pillai23@university.edu,1,8,2023-08-03
19,U23ECE0004,Rudra,Desai,Male,2005-07-21,ECE,3,+917320037917,rudra.desai23@university.edu,1,9,2023-07-23
20,U22MEC0002,Varun,Bose,Male,2004-09-08,Mechanical,4,+917201632870,varun.bose22@university.edu,1,9,2022-07-15
21,U23MEC0003,Arjun,Kulkarni,Male,2005-04-27,Mechanical,3,+919986872774,arjun.kulkarni23@university.edu,1,9,2023-08-25
22,U24MEC0004,Kabir,Mehta,Male,2006-03-05,Mechanical,2,+918714345581,kabir.mehta24@university.edu,1,10,2024-07-13
23,U24AID0003,Varun,Reddy,Male,2006-07-25,AI & DS,2,+916665876036,varun.reddy24@university.edu,1,10,2024-07-28
24,U22CIV0006,Veer,Desai,Male,2004-08-08,Civil,4,+919054668893,veer.desai22@university.edu,1,11,2022-08-14
25,U23MEC0005,Yash,Sharma,Male,2005-11-01,Mechanical,3,+919272980699,yash.sharma23@university.edu,1,11,2023-07-21
26,U24MEC0006,Aman,Reddy,Male,2006-07-09,Mechanical,2,+916465375564,aman.reddy24@university.edu,1,11,2024-07-16
27,U25CIV0007,Aarav,Bhat,Male,2007-04-05,Civil,1,+918310033092,aarav.bhat25@university.edu,1,12,2025-08-22
28,U22ECE0005,Vihaan,Pillai,Male,2004-01-10,ECE,4,+918529912419,vihaan.pillai22@university.edu,1,12,2022-08-13
29,U24CSE0005,Varun,Iyer,Male,2006-02-17,CSE,2,+916491905865,varun.iyer24@university.edu,1,12,2024-08-01
30,U25MEC0007,Shaurya,Chopra,Male,2007-08-15,Mechanical,1,+919572628498,shaurya.chopra25@university.edu,1,13,2025-08-27
31,U23EEE0004,Dhruv,Pillai,Male,2005-01-16,EEE,3,+917147379965,dhruv.pillai23@university.edu,1,13,2023-08-06
32,U23EEE0005,Yash,Iyer,Male,2005-12-14,EEE,3,+918494808313,yash.iyer23@university.edu,1,13,2023-08-18
33,U22AID0004,Kabir,Menon,Male,2004-06-16,AI & DS,4,+919701436349,kabir.menon22@university.edu,1,14,2022-08-14
34,U23EEE0006,Dhruv,Shah,Male,2005-12-06,EEE,3,+919444313518,dhruv.shah23@university.edu,1,14,2023-07-07
35,U23EEE0007,Dhruv,Joshi,Male,2005-05-02,EEE,3,+916343524082,dhruv.joshi23@university.edu,1,15,2023-07-18
36,U22ECE0006,Karthik,Agarwal,Male,2004-05-28,ECE,4,+916094777520,karthik.agarwal22@university.edu,1,15,2022-08-04
37,U22MEC0008,Rudra,Gupta,Male,2004-09-25,Mechanical,4,+916902294131,rudra.gupta22@university.edu,1,15,2022-08-20
38,U24CIV0008,Manish,Kulkarni,Male,2006-10-24,Civil,2,+919774964990,manish.kulkarni24@university.edu,1,16,2024-07-25
39,U23ECE0007,Krishna,Mishra,Male,2005-12-20,ECE,3,+916232812067,krishna.mishra23@university.edu,1,16,2023-08-10
40,U23EEE0008,Vivaan,Menon,Male,2005-11-05,EEE,3,+919134936183,vivaan.menon23@university.edu,1,17,2023-08-27
41,U24CSE0006,Arjun,Gupta,Male,2006-09-18,CSE,2,+918994717464,arjun.gupta24@university.edu,1,17,2024-08-15
42,U22CSE0007,Aditya,Naidu,Male,2004-10-02,CSE,4,+918940139904,aditya.naidu22@university.edu,1,18,2022-07-16
43,U23MEC0009,Nikhil,Mishra,Male,2005-11-04,Mechanical,3,+917967175655,nikhil.mishra23@university.edu,1,18,2023-07-11
44,U23MEC0010,Aman,Agarwal,Male,2005-09-27,Mechanical,3,+919807154516,aman.agarwal23@university.edu,1,19,2023-07-22
45,U22MEC0011,Shaurya,Shah,Male,2004-09-05,Mechanical,4,+916385977034,shaurya.shah22@university.edu,1,19,2022-08-15
46,U25MEC0012,Veer,Agarwal,Male,2007-04-27,Mechanical,1,+916932480861,veer.agarwal25@university.edu,1,20,2025-07-15
47,U22ECE0008,Vihaan,Mishra,Male,2004-07-07,ECE,4,+918846773782,vihaan.mishra22@university.edu,1,20,2022-07-28
48,U23MEC0013,Aditya,Singh,Male,2005-08-12,Mechanical,3,+918044997278,aditya.singh23@university.edu,1,21,2023-08-18
49,U22MEC0014,Kabir,Shah,Male,2004-12-26,Mechanical,4,+918339636057,kabir.shah22@university.edu,1,21,2022-08-13
50,U24AID0005,Tarun,Kulkarni,Male,2006-08-01,AI & DS,2,+919028951718,tarun.kulkarni24@university.edu,1,22,2024-07-14
51,U25ECE0009,Shaurya,Mishra,Male,2007-11-23,ECE,1,+919459615865,shaurya.mishra25@university.edu,1,22,2025-08-28
52,U25CIV0009,Pranav,Verma,Male,2007-01-02,Civil,1,+917431611724,pranav.verma25@university.edu,1,22,2025-08-26
53,U23EEE0009,Vivaan,Kumar,Male,2005-10-28,EEE,3,+919238692221,vivaan.kumar23@university.edu,1,23,2023-08-20
54,U24MEC0015,Tarun,Menon,Male,2006-02-15,Mechanical,2,+917747407482,tarun.menon24@university.edu,1,23,2024-08-19
55,U23MEC0016,Karthik,Mishra,Male,2005-10-10,Mechanical,3,+919436713695,karthik.mishra23@university.edu,1,23,2023-08-01
56,U23MEC0017,Rudra,Pandey,Male,2005-11-07,Mechanical,3,+916909743953,rudra.pandey23@university.edu,1,24,2023-08-22
57,U24AID0006,Kabir,Bhat,Male,2006-06-24,AI & DS,2,+916047095214,kabir.bhat24@university.edu,1,24,2024-08-06
58,U23CIV0010,Krishna,Reddy,Male,2005-04-28,Civil,3,+918247451712,krishna.reddy23@university.edu,1,25,2023-08-28
59,U25EEE0010,Ayaan,Shah,Male,2007-11-12,EEE,1,+919048175496,ayaan.shah25@university.edu,1,25,2025-07-22
60,U23CSE0008,Ishaan,Joshi,Male,2005-08-04,CSE,3,+917174612004,ishaan.joshi23@university.edu,1,25,2023-07-08
61,U22ECE0010,Veer,Shah,Male,2004-07-09,ECE,4,+919586926179,veer.shah22@university.edu,1,26,2022-07-23
62,U22MEC0018,Siddharth,Iyer,Male,2004-02-28,Mechanical,4,+917515850643,siddharth.iyer22@university.edu,1,26,2022-08-03
63,U25AID0007,Tarun,Iyer,Male,2007-04-27,AI & DS,1,+916532931839,tarun.iyer25@university.edu,1,27,2025-07-11
64,U25CIV0011,Kabir,Reddy,Male,2007-06-26,Civil,1,+918228421020,kabir.reddy25@university.edu,1,27,2025-07-19
65,U23ECE0011,Aniket,Sharma,Male,2005-10-04,ECE,3,+916268117758,aniket.sharma23@university.edu,1,27,2023-08-17
66,U23CSE0009,Ishaan,Naidu,Male,2005-02-11,CSE,3,+919007661771,ishaan.naidu23@university.edu,1,28,2023-07-03
67,U23CIV0012,Arjun,Singh,Male,2005-11-21,Civil,3,+919984789611,arjun.singh23@university.edu,1,28,2023-07-14
68,U22ECE0012,Harsh,Yadav,Male,2004-03-22,ECE,4,+918766156545,harsh.yadav22@university.edu,1,28,2022-08-03
69,U25CSE0010,Aditya,Saxena,Male,2007-11-04,CSE,1,+919152809885,aditya.saxena25@university.edu,1,29,2025-08-12
70,U25MEC0019,Shaurya,Pandey,Male,2007-04-28,Mechanical,1,+918945198327,shaurya.pandey25@university.edu,1,29,2025-07-12
71,U25EEE0011,Shaurya,Shah,Male,2007-11-27,EEE,1,+918936899809,shaurya.shah25@university.edu,1,29,2025-08-01
72,U23AID0008,Reyansh,Singh,Male,2005-02-24,AI & DS,3,+918502296120,reyansh.singh23@university.edu,1,30,2023-07-13
73,U24EEE0012,Aman,Malhotra,Male,2006-01-22,EEE,2,+918459910229,aman.malhotra24@university.edu,1,30,2024-07-09
74,U22MEC0020,Harsh,Pandey,Male,2004-11-22,Mechanical,4,+919643815614,harsh.pandey22@university.edu,1,30,2022-08-17
75,U24CSE0011,Tarun,Kumar,Male,2006-06-04,CSE,2,+919900343244,tarun.kumar24@university.edu,1,31,2024-07-16
76,U24ECE0013,Dhruv,Chopra,Male,2006-01-15,ECE,2,+919838851606,dhruv.chopra24@university.edu,1,31,2024-07-28
77,U22MEC0021,Aniket,Pillai,Male,2004-02-14,Mechanical,4,+919416052975,aniket.pillai22@university.edu,1,32,2022-07-08
78,U25MEC0022,Aman,Pillai,Male,2007-09-07,Mechanical,1,+919453521818,aman.pillai25@university.edu,1,32,2025-08-12
79,U24AID0009,Dhruv,Saxena,Male,2006-11-16,AI & DS,2,+917124329212,dhruv.saxena24@university.edu,1,33,2024-08-25
80,U22CIV0013,Akash,Desai,Male,2004-01-12,Civil,4,+918527177449,akash.desai22@university.edu,1,33,2022-07-10
81,U25CSE0012,Harsh,Malhotra,Male,2007-09-26,CSE,1,+918411998679,harsh.malhotra25@university.edu,1,34,2025-07-15
82,U24CIV0014,Naveen,Kulkarni,Male,2006-09-21,Civil,2,+918978207151,naveen.kulkarni24@university.edu,1,34,2024-07-02
83,U22MEC0023,Ishaan,Agarwal,Male,2004-02-11,Mechanical,4,+917554665905,ishaan.agarwal22@university.edu,1,34,2022-07-18
84,U23EEE0013,Tarun,Bose,Male,2005-12-03,EEE,3,+917519254629,tarun.bose23@university.edu,1,35,2023-08-18
85,U24EEE0014,Rahul,Mishra,Male,2006-08-07,EEE,2,+916685054235,rahul.mishra24@university.edu,1,35,2024-07-05
86,U25EEE0015,Arjun,Gupta,Male,2007-03-24,EEE,1,+916592962229,arjun.gupta25@university.edu,1,36,2025-08-02
87,U24AID0010,Aman,Das,Male,2006-06-22,AI & DS,2,+919947383473,aman.das24@university.edu,1,36,2024-08-15
88,U22MEC0024,Kabir,Kumar,Male,2004-12-28,Mechanical,4,+917392407581,kabir.kumar22@university.edu,1,37,2022-07-10
89,U23ECE0014,Aditya,Desai,Male,2005-01-13,ECE,3,+919826137506,aditya.desai23@university.edu,1,37,2023-08-08
90,U24EEE0016,Rahul,Gupta,Male,2006-12-16,EEE,2,+916515220472,rahul.gupta24@university.edu,1,38,2024-08-20
91,U25CSE0013,Aarav,Yadav,Male,2007-05-04,CSE,1,+918328986143,aarav.yadav25@university.edu,1,38,2025-07-08
92,U22CIV0015,Aman,Mishra,Male,2004-05-14,Civil,4,+916179808932,aman.mishra22@university.edu,1,38,2022-07-20
93,U22CIV0016,Siddharth,Menon,Male,2004-01-13,Civil,4,+917185188888,siddharth.menon22@university.edu,1,39,2022-08-02
94,U23EEE0017,Sai,Bose,Male,2005-06-18,EEE,3,+916515319520,sai.bose23@university.edu,1,39,2023-08-27
95,U22AID0011,Sai,Nair,Male,2004-01-11,AI & DS,4,+919221704303,sai.nair22@university.edu,1,40,2022-08-17
96,U22CIV0017,Rahul,Saxena,Male,2004-07-13,Civil,4,+918034505415,rahul.saxena22@university.edu,1,40,2022-08-13
97,U22MEC0025,Aniket,Nair,Male,2004-05-11,Mechanical,4,+918841616928,aniket.nair22@university.edu,1,41,2022-07-03
98,U23EEE0018,Aniket,Pandey,Male,2005-07-09,EEE,3,+919962757059,aniket.pandey23@university.edu,1,41,2023-07-03
99,U23MEC0026,Tarun,Mishra,Male,2005-06-13,Mechanical,3,+917029702135,tarun.mishra23@university.edu,1,42,2023-07-20
100,U23MEC0027,Arjun,Pandey,Male,2005-04-04,Mechanical,3,+918719285654,arjun.pandey23@university.edu,1,42,2023-07-24
101,U22CIV0018,Reyansh,Joshi,Male,2004-03-28,Civil,4,+916447394731,reyansh.joshi22@university.edu,2,51,2022-07-15
102,U22AID0012,Reyansh,Yadav,Male,2004-06-17,AI & DS,4,+916551884422,reyansh.yadav22@university.edu,2,51,2022-07-04
103,U24ECE0015,Krishna,Kulkarni,Male,2006-02-03,ECE,2,+919058957829,krishna.kulkarni24@university.edu,2,51,2024-08-13
104,U22MEC0028,Varun,Bhat,Male,2004-03-27,Mechanical,4,+919912517785,varun.bhat22@university.edu,2,52,2022-07-25
105,U25CIV0019,Arjun,Chopra,Male,2007-05-28,Civil,1,+916824225358,arjun.chopra25@university.edu,2,52,2025-07-09
106,U23CIV0020,Krishna,Mishra,Male,2005-03-22,Civil,3,+917498182992,krishna.mishra232@university.edu,2,53,2023-08-27
107,U25CSE0014,Naveen,Pillai,Male,2007-11-18,CSE,1,+916094396907,naveen.pillai25@university.edu,2,53,2025-08-21
108,U22ECE0016,Karthik,Joshi,Male,2004-06-20,ECE,4,+918710276773,karthik.joshi22@university.edu,2,54,2022-07-11
109,U23EEE0019,Shaurya,Agarwal,Male,2005-05-15,EEE,3,+919258815371,shaurya.agarwal23@university.edu,2,54,2023-07-05
110,U22EEE0020,Vihaan,Verma,Male,2004-08-16,EEE,4,+919325953278,vihaan.verma22@university.edu,2,54,2022-08-16
111,U22MEC0029,Aarav,Gupta,Male,2004-05-18,Mechanical,4,+917395004797,aarav.gupta22@university.edu,2,55,2022-07-28
112,U23ECE0017,Vihaan,Chopra,Male,2005-09-10,ECE,3,+918650609835,vihaan.chopra23@university.edu,2,55,2023-07-13
113,U23CIV0021,Nikhil,Malhotra,Male,2005-10-17,Civil,3,+916216558523,nikhil.malhotra23@university.edu,2,56,2023-08-17
114,U24CSE0015,Vivaan,Verma,Male,2006-06-06,CSE,2,+918787298259,vivaan.verma24@university.edu,2,56,2024-08-20
115,U23EEE0021,Dhruv,Saxena,Male,2005-05-26,EEE,3,+919947055169,dhruv.saxena23@university.edu,2,56,2023-07-20
116,U24AID0013,Yash,Singh,Male,2006-10-23,AI & DS,2,+916972896230,yash.singh24@university.edu,2,57,2024-07-07
117,U22EEE0022,Aarav,Malhotra,Male,2004-04-18,EEE,4,+917636897028,aarav.malhotra22@university.edu,2,57,2022-08-22
118,U23MEC0030,Yash,Mehta,Male,2005-04-09,Mechanical,3,+917785854973,yash.mehta23@university.edu,2,58,2023-08-08
119,U24EEE0023,Karthik,Desai,Male,2006-07-13,EEE,2,+919575844198,karthik.desai24@university.edu,2,58,2024-08-25
120,U25EEE0024,Ayaan,Reddy,Male,2007-09-23,EEE,1,+918157473384,ayaan.reddy25@university.edu,2,59,2025-08-05
121,U24AID0014,Vihaan,Naidu,Male,2006-02-22,AI & DS,2,+917083301657,vihaan.naidu24@university.edu,2,59,2024-07-01
122,U22ECE0018,Pranav,Khanna,Male,2004-09-24,ECE,4,+919734540193,pranav.khanna22@university.edu,2,60,2022-07-06
123,U25ECE0019,Aman,Yadav,Male,2007-06-10,ECE,1,+919724004991,aman.yadav25@university.edu,2,60,2025-08-21
124,U24MEC0031,Pranav,Mehta,Male,2006-12-11,Mechanical,2,+919431527420,pranav.mehta24@university.edu,2,60,2024-08-19
125,U24ECE0020,Tarun,Desai,Male,2006-06-08,ECE,2,+919685161227,tarun.desai24@university.edu,2,61,2024-07-09
126,U23MEC0032,Rahul,Menon,Male,2005-08-10,Mechanical,3,+918499045301,rahul.menon23@university.edu,2,61,2023-07-13
127,U23AID0015,Tarun,Mehta,Male,2005-12-20,AI & DS,3,+916459332727,tarun.mehta23@university.edu,2,62,2023-08-14
128,U24MEC0033,Varun,Shah,Male,2006-01-27,Mechanical,2,+917918785191,varun.shah24@university.edu,2,62,2024-07-19
129,U23ECE0021,Pranav,Reddy,Male,2005-03-17,ECE,3,+919139718707,pranav.reddy23@university.edu,2,62,2023-08-15
130,U22CIV0022,Akash,Verma,Male,2004-06-23,Civil,4,+918064039106,akash.verma22@university.edu,2,63,2022-07-18
131,U22CSE0016,Vivaan,Khanna,Male,2004-07-03,CSE,4,+916462265676,vivaan.khanna22@university.edu,2,63,2022-07-21
132,U24CSE0017,Shaurya,Das,Male,2006-09-13,CSE,2,+919823004786,shaurya.das24@university.edu,2,63,2024-07-08
133,U23ECE0022,Harsh,Das,Male,2005-10-02,ECE,3,+917106903311,harsh.das23@university.edu,2,64,2023-08-20
134,U24CSE0018,Tarun,Agarwal,Male,2006-04-27,CSE,2,+916673830284,tarun.agarwal24@university.edu,2,64,2024-08-19
135,U23AID0016,Manish,Desai,Male,2005-10-24,AI & DS,3,+917428364408,manish.desai23@university.edu,2,65,2023-07-21
136,U22CIV0023,Tarun,Chopra,Male,2004-03-25,Civil,4,+916568566246,tarun.chopra22@university.edu,2,65,2022-08-08
137,U24EEE0025,Shaurya,Menon,Male,2006-05-07,EEE,2,+919086688263,shaurya.menon24@university.edu,2,65,2024-08-21
138,U23MEC0034,Aditya,Khanna,Male,2005-04-26,Mechanical,3,+916830469901,aditya.khanna23@university.edu,2,66,2023-07-16
139,U23EEE0026,Krishna,Chauhan,Male,2005-09-11,EEE,3,+916331739363,krishna.chauhan23@university.edu,2,66,2023-08-13
140,U23AID0017,Harsh,Shah,Male,2005-06-11,AI & DS,3,+918458771753,harsh.shah23@university.edu,2,67,2023-08-02
141,U24ECE0023,Akash,Chauhan,Male,2006-04-13,ECE,2,+916489964235,akash.chauhan24@university.edu,2,67,2024-07-16
142,U23AID0018,Pranav,Mishra,Male,2005-03-18,AI & DS,3,+918777252287,pranav.mishra23@university.edu,2,67,2023-07-17
143,U25CSE0019,Vivaan,Saxena,Male,2007-06-02,CSE,1,+916623120387,vivaan.saxena25@university.edu,2,68,2025-08-22
144,U22CSE0020,Yash,Sharma,Male,2004-02-04,CSE,4,+916084840862,yash.sharma22@university.edu,2,68,2022-07-08
145,U23CIV0024,Krishna,Naidu,Male,2005-05-22,Civil,3,+918461567933,krishna.naidu23@university.edu,2,69,2023-07-21
146,U25CSE0021,Shaurya,Mishra,Male,2007-07-21,CSE,1,+919668700217,shaurya.mishra252@university.edu,2,69,2025-08-19
147,U25CIV0025,Shaurya,Patel,Male,2007-11-02,Civil,1,+917397401489,shaurya.patel25@university.edu,2,70,2025-07-28
148,U24ECE0024,Aniket,Sharma,Male,2006-07-25,ECE,2,+919142939685,aniket.sharma24@university.edu,2,70,2024-07-26
149,U23CSE0022,Varun,Bhat,Male,2005-06-01,CSE,3,+916163159996,varun.bhat23@university.edu,2,70,2023-08-26
150,U23ECE0025,Harsh,Joshi,Male,2005-02-09,ECE,3,+919629619431,harsh.joshi23@university.edu,2,71,2023-07-13
151,U24AID0019,Varun,Kulkarni,Male,2006-02-05,AI & DS,2,+919551104754,varun.kulkarni24@university.edu,2,71,2024-07-06
152,U22CIV0026,Aman,Malhotra,Male,2004-01-10,Civil,4,+916015819956,aman.malhotra22@university.edu,2,72,2022-08-13
153,U24AID0020,Kabir,Gupta,Male,2006-03-14,AI & DS,2,+917622444721,kabir.gupta24@university.edu,2,72,2024-08-14
154,U23CSE0023,Karthik,Joshi,Male,2005-01-13,CSE,3,+918379937124,karthik.joshi23@university.edu,2,73,2023-08-27
155,U22EEE0027,Manish,Bose,Male,2004-03-13,EEE,4,+918692459375,manish.bose22@university.edu,2,73,2022-08-10
156,U22AID0021,Dhruv,Agarwal,Male,2004-09-06,AI & DS,4,+917564651939,dhruv.agarwal22@university.edu,2,74,2022-07-24
157,U22ECE0026,Harsh,Agarwal,Male,2004-07-03,ECE,4,+918167243426,harsh.agarwal22@university.edu,2,74,2022-08-20
158,U22MEC0035,Yash,Pillai,Male,2004-01-19,Mechanical,4,+916589113529,yash.pillai22@university.edu,2,75,2022-08-25
159,U25MEC0036,Aniket,Kulkarni,Male,2007-08-12,Mechanical,1,+916143888993,aniket.kulkarni25@university.edu,2,75,2025-08-15
160,U24CIV0027,Kabir,Pandey,Male,2006-05-11,Civil,2,+918071461125,kabir.pandey24@university.edu,2,76,2024-08-26
161,U23MEC0037,Krishna,Mehta,Male,2005-06-21,Mechanical,3,+919177514010,krishna.mehta23@university.edu,2,76,2023-07-22
162,U24AID0022,Ayaan,Nair,Male,2006-03-21,AI & DS,2,+917825867362,ayaan.nair24@university.edu,2,77,2024-08-13
163,U24CIV0028,Aarav,Bhat,Male,2006-02-26,Civil,2,+919966033419,aarav.bhat24@university.edu,2,77,2024-07-12
164,U25MEC0038,Aniket,Iyer,Male,2007-06-12,Mechanical,1,+918785969691,aniket.iyer25@university.edu,2,78,2025-08-20
165,U23AID0023,Reyansh,Saxena,Male,2005-09-13,AI & DS,3,+916251341252,reyansh.saxena23@university.edu,2,78,2023-08-20
166,U22MEC0039,Arjun,Pillai,Male,2004-06-27,Mechanical,4,+917782827422,arjun.pillai22@university.edu,2,79,2022-08-20
167,U25EEE0028,Vivaan,Chauhan,Male,2007-12-27,EEE,1,+919236887676,vivaan.chauhan25@university.edu,2,79,2025-08-16
168,U25CIV0029,Reyansh,Gupta,Male,2007-12-25,Civil,1,+917404384279,reyansh.gupta25@university.edu,2,79,2025-08-18
169,U25CIV0030,Nikhil,Patel,Male,2007-12-27,Civil,1,+918858078361,nikhil.patel25@university.edu,2,80,2025-07-10
170,U23MEC0040,Shaurya,Verma,Male,2005-03-20,Mechanical,3,+918171339596,shaurya.verma23@university.edu,2,80,2023-07-26
171,U25ECE0027,Krishna,Saxena,Male,2007-05-28,ECE,1,+918849825449,krishna.saxena25@university.edu,2,81,2025-07-05
172,U25MEC0041,Kabir,Kulkarni,Male,2007-10-21,Mechanical,1,+918223253672,kabir.kulkarni25@university.edu,2,81,2025-08-21
173,U25MEC0042,Aman,Bose,Male,2007-12-03,Mechanical,1,+916684577590,aman.bose25@university.edu,2,82,2025-08-21
174,U25EEE0029,Tarun,Agarwal,Male,2007-10-05,EEE,1,+919363745458,tarun.agarwal25@university.edu,2,82,2025-08-26
175,U25AID0024,Aniket,Yadav,Male,2007-04-23,AI & DS,1,+916170127706,aniket.yadav25@university.edu,2,83,2025-07-21
176,U25EEE0030,Karthik,Nair,Male,2007-11-03,EEE,1,+918415206436,karthik.nair25@university.edu,2,83,2025-07-01
177,U24CSE0024,Krishna,Joshi,Male,2006-02-08,CSE,2,+917870051627,krishna.joshi24@university.edu,2,84,2024-08-03
178,U25CSE0025,Dhruv,Kulkarni,Male,2007-01-20,CSE,1,+918542622189,dhruv.kulkarni25@university.edu,2,84,2025-07-15
179,U24ECE0028,Siddharth,Bhat,Male,2006-06-14,ECE,2,+919973112196,siddharth.bhat24@university.edu,2,85,2024-08-26
180,U25EEE0031,Arjun,Menon,Male,2007-10-17,EEE,1,+917899940438,arjun.menon25@university.edu,2,85,2025-07-24
181,U25AID0025,Rahul,Kumar,Male,2007-06-11,AI & DS,1,+917761379180,rahul.kumar25@university.edu,2,85,2025-07-13
182,U22CIV0031,Shaurya,Saxena,Male,2004-04-02,Civil,4,+918827109104,shaurya.saxena22@university.edu,2,86,2022-07-26
183,U22EEE0032,Rahul,Mehta,Male,2004-02-17,EEE,4,+919618892414,rahul.mehta22@university.edu,2,86,2022-07-26
184,U22EEE0033,Arjun,Shah,Male,2004-10-20,EEE,4,+916463031617,arjun.shah22@university.edu,2,87,2022-07-10
185,U24AID0026,Tarun,Bhat,Male,2006-03-12,AI & DS,2,+916020275884,tarun.bhat24@university.edu,2,87,2024-07-24
186,U25EEE0034,Kabir,Chauhan,Male,2007-08-17,EEE,1,+916564814917,kabir.chauhan25@university.edu,2,87,2025-08-02
187,U24CIV0032,Yash,Chauhan,Male,2006-01-08,Civil,2,+918241913800,yash.chauhan24@university.edu,2,88,2024-07-16
188,U24ECE0029,Siddharth,Bose,Male,2006-10-12,ECE,2,+916863536541,siddharth.bose24@university.edu,2,88,2024-07-17
189,U24CSE0026,Tarun,Yadav,Male,2006-09-15,CSE,2,+917806174451,tarun.yadav24@university.edu,2,88,2024-07-12
190,U23CIV0033,Krishna,Kumar,Male,2005-07-01,Civil,3,+917759738320,krishna.kumar23@university.edu,2,89,2023-07-18
191,U25AID0027,Siddharth,Mishra,Male,2007-01-05,AI & DS,1,+918064138367,siddharth.mishra25@university.edu,2,89,2025-08-03
192,U22ECE0030,Vivaan,Khanna,Male,2004-10-02,ECE,4,+918719182619,vivaan.khanna222@university.edu,2,89,2022-08-22
193,U23EEE0035,Arjun,Menon,Male,2005-10-04,EEE,3,+918655743132,arjun.menon23@university.edu,2,90,2023-07-04
194,U23MEC0043,Reyansh,Malhotra,Male,2005-02-06,Mechanical,3,+919185374741,reyansh.malhotra23@university.edu,2,90,2023-08-27
195,U25CIV0034,Varun,Agarwal,Male,2007-05-27,Civil,1,+917521356804,varun.agarwal25@university.edu,2,91,2025-07-01
196,U24MEC0044,Rahul,Chauhan,Male,2006-07-12,Mechanical,2,+916712100323,rahul.chauhan24@university.edu,2,91,2024-07-19
197,U25CSE0027,Akash,Singh,Male,2007-03-19,CSE,1,+916372151070,akash.singh25@university.edu,2,91,2025-08-27
198,U25MEC0045,Dhruv,Bose,Male,2007-01-20,Mechanical,1,+919625324472,dhruv.bose25@university.edu,2,92,2025-07-21
199,U22MEC0046,Karthik,Joshi,Male,2004-01-13,Mechanical,4,+916146263838,karthik.joshi222@university.edu,2,92,2022-08-16
200,U23MEC0047,Pranav,Kulkarni,Male,2005-01-26,Mechanical,3,+918642059304,pranav.kulkarni23@university.edu,2,92,2023-08-17
201,U24CIV0035,Sneha,Desai,Female,2006-06-27,Civil,2,+917133480396,sneha.desai24@university.edu,3,101,2024-07-06
202,U23EEE0036,Navya,Pillai,Female,2005-03-16,EEE,3,+916599293784,navya.pillai23@university.edu,3,101,2023-07-03
203,U24CIV0036,Diya,Menon,Female,2006-06-02,Civil,2,+916870593252,diya.menon24@university.edu,3,101,2024-07-05
204,U25ECE0031,Divya,Agarwal,Female,2007-03-24,ECE,1,+918156915452,divya.agarwal25@university.edu,3,102,2025-08-26
205,U23AID0028,Tanvi,Joshi,Female,2005-03-06,AI & DS,3,+917895392644,tanvi.joshi23@university.edu,3,102,2023-07-23
206,U25CIV0037,Divya,Bose,Female,2007-12-03,Civil,1,+917959391725,divya.bose25@university.edu,3,102,2025-07-12
207,U25AID0029,Priya,Nair,Female,2007-12-01,AI & DS,1,+918704331541,priya.nair25@university.edu,3,103,2025-07-13
208,U24MEC0048,Riya,Bhat,Female,2006-03-15,Mechanical,2,+919765861793,riya.bhat24@university.edu,3,103,2024-07-26
209,U25EEE0037,Aarohi,Verma,Female,2007-02-11,EEE,1,+918411526218,aarohi.verma25@university.edu,3,103,2025-08-23
210,U24AID0030,Aanya,Chopra,Female,2006-05-22,AI & DS,2,+919201533688,aanya.chopra24@university.edu,3,104,2024-08-10
211,U22CSE0028,Navya,Patel,Female,2004-04-04,CSE,4,+919205061497,navya.patel22@university.edu,3,104,2022-07-07
212,U25EEE0038,Pari,Mishra,Female,2007-03-12,EEE,1,+919146774186,pari.mishra25@university.edu,3,105,2025-08-12
213,U23CSE0029,Pari,Malhotra,Female,2005-11-12,CSE,3,+919743490211,pari.malhotra23@university.edu,3,105,2023-08-25
214,U25CIV0038,Divya,Menon,Female,2007-07-28,Civil,1,+919868793741,divya.menon25@university.edu,3,105,2025-07-17
215,U24CIV0039,Divya,Yadav,Female,2006-11-14,Civil,2,+916722332061,divya.yadav24@university.edu,3,106,2024-07-27
216,U23CIV0040,Tanvi,Reddy,Female,2005-08-28,Civil,3,+918116868548,tanvi.reddy23@university.edu,3,106,2023-07-26
217,U22CIV0041,Neha,Naidu,Female,2004-02-26,Civil,4,+916622999119,neha.naidu22@university.edu,3,107,2022-08-28
218,U22EEE0039,Nisha,Yadav,Female,2004-03-20,EEE,4,+918679970246,nisha.yadav22@university.edu,3,107,2022-08-02
219,U24EEE0040,Pooja,Yadav,Female,2006-12-22,EEE,2,+916745054447,pooja.yadav24@university.edu,3,108,2024-07-28
220,U22EEE0041,Navya,Reddy,Female,2004-09-28,EEE,4,+918469137367,navya.reddy22@university.edu,3,108,2022-08-27
221,U25ECE0032,Diya,Mehta,Female,2007-01-08,ECE,1,+918862890233,diya.mehta25@university.edu,3,109,2025-07-15
222,U24EEE0042,Diya,Khanna,Female,2006-10-15,EEE,2,+918578610357,diya.khanna24@university.edu,3,109,2024-07-28
223,U23CIV0042,Isha,Pillai,Female,2005-04-28,Civil,3,+918241406029,isha.pillai23@university.edu,3,110,2023-07-21
224,U23ECE0033,Navya,Pandey,Female,2005-05-20,ECE,3,+919800722903,navya.pandey23@university.edu,3,110,2023-08-23
225,U22EEE0043,Neha,Mishra,Female,2004-10-04,EEE,4,+919574374896,neha.mishra22@university.edu,3,111,2022-07-17
226,U23EEE0044,Sakshi,Saxena,Female,2005-04-05,EEE,3,+918171545444,sakshi.saxena23@university.edu,3,111,2023-07-02
227,U22CIV0043,Bhavya,Chauhan,Female,2004-10-23,Civil,4,+918207446660,bhavya.chauhan22@university.edu,3,112,2022-07-11
228,U22ECE0034,Swati,Agarwal,Female,2004-12-09,ECE,4,+918842824172,swati.agarwal22@university.edu,3,112,2022-07-22
229,U25AID0031,Mahi,Rao,Female,2007-08-28,AI & DS,1,+917534655494,mahi.rao25@university.edu,3,113,2025-07-16
230,U25AID0032,Diya,Chauhan,Female,2007-03-07,AI & DS,1,+919381684602,diya.chauhan25@university.edu,3,113,2025-08-14
231,U24MEC0049,Divya,Yadav,Female,2006-05-07,Mechanical,2,+918217525007,divya.yadav242@university.edu,3,114,2024-07-19
232,U25MEC0050,Lakshmi,Nair,Female,2007-09-07,Mechanical,1,+917966667600,lakshmi.nair25@university.edu,3,114,2025-08-01
233,U24CIV0044,Mahi,Rao,Female,2006-10-10,Civil,2,+916033542168,mahi.rao24@university.edu,3,115,2024-07-03
234,U23EEE0045,Charvi,Verma,Female,2005-04-06,EEE,3,+919898562575,charvi.verma23@university.edu,3,115,2023-08-01
235,U24AID0033,Navya,Menon,Female,2006-09-20,AI & DS,2,+917098215064,navya.menon24@university.edu,3,115,2024-07-20
236,U25CSE0030,Diya,Pandey,Female,2007-04-23,CSE,1,+916167618472,diya.pandey25@university.edu,3,116,2025-07-10
237,U23CSE0031,Kavya,Pandey,Female,2005-04-20,CSE,3,+917618914117,kavya.pandey23@university.edu,3,116,2023-07-25
238,U24CIV0045,Ira,Saxena,Female,2006-04-01,Civil,2,+918642087375,ira.saxena24@university.edu,3,116,2024-07-22
239,U22CSE0032,Aadhya,Khanna,Female,2004-08-02,CSE,4,+917181143744,aadhya.khanna22@university.edu,3,117,2022-07-27
240,U23CSE0033,Pari,Chauhan,Female,2005-06-15,CSE,3,+918561100225,pari.chauhan23@university.edu,3,117,2023-08-24
241,U24EEE0046,Aadhya,Das,Female,2006-03-23,EEE,2,+916667467621,aadhya.das24@university.edu,3,118,2024-07-28
242,U22MEC0051,Pari,Patel,Female,2004-02-14,Mechanical,4,+919296590277,pari.patel22@university.edu,3,118,2022-08-02
243,U23AID0034,Aadhya,Singh,Female,2005-07-22,AI & DS,3,+916899358891,aadhya.singh23@university.edu,3,119,2023-07-16
244,U22AID0035,Sneha,Pandey,Female,2004-02-25,AI & DS,4,+917890028772,sneha.pandey22@university.edu,3,119,2022-08-11
245,U25EEE0047,Navya,Rao,Female,2007-02-28,EEE,1,+917866317797,navya.rao25@university.edu,3,119,2025-08-15
246,U25MEC0052,Priya,Patel,Female,2007-11-10,Mechanical,1,+916660880199,priya.patel25@university.edu,3,120,2025-07-21
247,U23EEE0048,Sakshi,Malhotra,Female,2005-02-04,EEE,3,+916375899757,sakshi.malhotra23@university.edu,3,120,2023-07-01
248,U23AID0036,Priya,Das,Female,2005-04-07,AI & DS,3,+918102726149,priya.das23@university.edu,3,121,2023-07-28
249,U24MEC0053,Pooja,Iyer,Female,2006-03-16,Mechanical,2,+918160917798,pooja.iyer24@university.edu,3,121,2024-07-17
250,U22CIV0046,Swati,Verma,Female,2004-06-17,Civil,4,+919829221699,swati.verma22@university.edu,3,122,2022-08-14
251,U24AID0037,Shreya,Khanna,Female,2006-05-27,AI & DS,2,+918654722698,shreya.khanna24@university.edu,3,122,2024-08-23
252,U24CIV0047,Swati,Khanna,Female,2006-12-04,Civil,2,+917394522885,swati.khanna24@university.edu,3,122,2024-08-18
253,U22CIV0048,Isha,Pillai,Female,2004-04-09,Civil,4,+918608106200,isha.pillai22@university.edu,3,123,2022-07-10
254,U25ECE0035,Sakshi,Singh,Female,2007-12-21,ECE,1,+918380571983,sakshi.singh25@university.edu,3,123,2025-08-08
255,U23AID0038,Meera,Kulkarni,Female,2005-10-28,AI & DS,3,+916666580043,meera.kulkarni23@university.edu,3,124,2023-08-27
256,U23AID0039,Navya,Khanna,Female,2005-07-02,AI & DS,3,+917347212281,navya.khanna23@university.edu,3,124,2023-08-09
257,U24ECE0036,Nisha,Singh,Female,2006-11-20,ECE,2,+918057202590,nisha.singh24@university.edu,3,125,2024-08-16
258,U23CIV0049,Bhavya,Pillai,Female,2005-09-18,Civil,3,+916583281826,bhavya.pillai23@university.edu,3,125,2023-08-03
259,U23ECE0037,Sneha,Menon,Female,2005-11-12,ECE,3,+918543987801,sneha.menon23@university.edu,3,126,2023-08-08
260,U24CIV0050,Mahi,Mishra,Female,2006-06-17,Civil,2,+916561648408,mahi.mishra24@university.edu,3,126,2024-08-16
261,U24AID0040,Diya,Kumar,Female,2006-11-21,AI & DS,2,+918811288013,diya.kumar24@university.edu,3,127,2024-07-28
262,U24CSE0034,Sakshi,Chopra,Female,2006-03-26,CSE,2,+919120750110,sakshi.chopra24@university.edu,3,127,2024-08-18
263,U23ECE0038,Aadhya,Pillai,Female,2005-01-21,ECE,3,+919676650618,aadhya.pillai23@university.edu,3,128,2023-07-25
264,U25CSE0035,Swati,Pillai,Female,2007-07-27,CSE,1,+918814491476,swati.pillai25@university.edu,3,128,2025-07-16
265,U24ECE0039,Pari,Shah,Female,2006-02-02,ECE,2,+919842450882,pari.shah24@university.edu,3,128,2024-07-19
266,U25CIV0051,Shreya,Bose,Female,2007-10-27,Civil,1,+918353682223,shreya.bose25@university.edu,3,129,2025-08-07
267,U25AID0041,Saanvi,Nair,Female,2007-06-12,AI & DS,1,+919814141397,saanvi.nair25@university.edu,3,129,2025-07-22
268,U23CSE0036,Tanvi,Menon,Female,2005-10-19,CSE,3,+916357759492,tanvi.menon23@university.edu,3,129,2023-08-26
269,U25ECE0040,Priya,Chopra,Female,2007-08-12,ECE,1,+918336452577,priya.chopra25@university.edu,3,130,2025-08-16
270,U25ECE0041,Nisha,Patel,Female,2007-10-19,ECE,1,+918283411080,nisha.patel25@university.edu,3,130,2025-08-25
271,U23CSE0037,Divya,Iyer,Female,2005-09-03,CSE,3,+919256394278,divya.iyer23@university.edu,3,130,2023-08-12
272,U24AID0042,Meera,Sharma,Female,2006-06-02,AI & DS,2,+917827229927,meera.sharma24@university.edu,3,131,2024-07-25
273,U23CSE0038,Isha,Menon,Female,2005-01-21,CSE,3,+918303856770,isha.menon23@university.edu,3,131,2023-08-04
274,U23AID0043,Neha,Mehta,Female,2005-09-09,AI & DS,3,+918989266591,neha.mehta23@university.edu,3,132,2023-08-08
275,U23EEE0049,Meera,Bose,Female,2005-09-21,EEE,3,+919790827231,meera.bose23@university.edu,3,132,2023-08-07
276,U23ECE0042,Ananya,Nair,Female,2005-03-21,ECE,3,+916365177739,ananya.nair23@university.edu,3,132,2023-08-01
277,U24ECE0043,Navya,Verma,Female,2006-07-20,ECE,2,+917809202428,navya.verma24@university.edu,3,133,2024-07-24
278,U25EEE0050,Swati,Pandey,Female,2007-10-27,EEE,1,+917797723692,swati.pandey25@university.edu,3,133,2025-07-20
279,U24EEE0051,Sakshi,Mehta,Female,2006-01-07,EEE,2,+918799136621,sakshi.mehta24@university.edu,3,133,2024-08-27
280,U24CSE0039,Ananya,Naidu,Female,2006-10-18,CSE,2,+919990881172,ananya.naidu24@university.edu,3,134,2024-07-25
281,U22MEC0054,Sakshi,Mishra,Female,2004-02-14,Mechanical,4,+918086376599,sakshi.mishra22@university.edu,3,134,2022-07-09
282,U25ECE0044,Isha,Desai,Female,2007-02-17,ECE,1,+918986430098,isha.desai25@university.edu,3,135,2025-07-13
283,U23AID0044,Tanvi,Iyer,Female,2005-10-12,AI & DS,3,+919512694486,tanvi.iyer23@university.edu,3,135,2023-08-22
284,U22ECE0045,Pooja,Desai,Female,2004-12-13,ECE,4,+919258874495,pooja.desai22@university.edu,3,135,2022-07-28
285,U24CSE0040,Aarohi,Pandey,Female,2006-03-13,CSE,2,+919213865890,aarohi.pandey24@university.edu,3,136,2024-07-26
286,U22ECE0046,Aadhya,Saxena,Female,2004-07-20,ECE,4,+919114351906,aadhya.saxena22@university.edu,3,136,2022-08-23
287,U22ECE0047,Shreya,Verma,Female,2004-12-08,ECE,4,+919038430988,shreya.verma22@university.edu,3,137,2022-07-22
288,U25ECE0048,Diya,Das,Female,2007-01-24,ECE,1,+917146566938,diya.das25@university.edu,3,137,2025-07-03
289,U23AID0045,Nisha,Kumar,Female,2005-03-14,AI & DS,3,+918439376904,nisha.kumar23@university.edu,3,138,2023-07-18
290,U23EEE0052,Aadhya,Mehta,Female,2005-04-25,EEE,3,+916848947697,aadhya.mehta23@university.edu,3,138,2023-08-25
291,U25MEC0055,Riya,Pandey,Female,2007-09-18,Mechanical,1,+919141633565,riya.pandey25@university.edu,3,139,2025-07-23
292,U23ECE0049,Charvi,Singh,Female,2005-10-09,ECE,3,+916651827553,charvi.singh23@university.edu,3,139,2023-07-24
293,U22ECE0050,Sakshi,Khanna,Female,2004-03-25,ECE,4,+917334333395,sakshi.khanna22@university.edu,3,140,2022-07-04
294,U22AID0046,Trisha,Gupta,Female,2004-08-06,AI & DS,4,+916807595794,trisha.gupta22@university.edu,3,140,2022-08-13
295,U24CIV0052,Navya,Desai,Female,2006-08-04,Civil,2,+916867808562,navya.desai24@university.edu,3,140,2024-08-11
296,U24CSE0041,Neha,Sharma,Female,2006-04-09,CSE,2,+919915594284,neha.sharma24@university.edu,3,141,2024-08-20
297,U22ECE0051,Priya,Das,Female,2004-03-19,ECE,4,+919365564729,priya.das22@university.edu,3,141,2022-07-27
298,U24EEE0053,Saanvi,Bhat,Female,2006-03-28,EEE,2,+919632270267,saanvi.bhat24@university.edu,3,142,2024-08-26
299,U25EEE0054,Isha,Kumar,Female,2007-05-12,EEE,1,+919120347175,isha.kumar25@university.edu,3,142,2025-08-18
300,U23EEE0055,Nisha,Khanna,Female,2005-05-12,EEE,3,+916615939982,nisha.khanna23@university.edu,3,143,2023-08-22
301,U22AID0047,Meera,Joshi,Female,2004-10-13,AI & DS,4,+916694722569,meera.joshi22@university.edu,4,151,2022-07-03
302,U23ECE0052,Pari,Rao,Female,2005-08-14,ECE,3,+918449647598,pari.rao23@university.edu,4,151,2023-07-06
303,U24ECE0053,Aarohi,Sharma,Female,2006-01-01,ECE,2,+918132611178,aarohi.sharma24@university.edu,4,152,2024-08-17
304,U23CSE0042,Lakshmi,Gupta,Female,2005-09-27,CSE,3,+917164334722,lakshmi.gupta23@university.edu,4,152,2023-07-01
305,U23EEE0056,Diya,Pandey,Female,2005-10-15,EEE,3,+919784872829,diya.pandey23@university.edu,4,153,2023-08-17
306,U23CIV0053,Tanvi,Mishra,Female,2005-03-10,Civil,3,+918783174564,tanvi.mishra23@university.edu,4,153,2023-07-01
307,U23ECE0054,Meera,Saxena,Female,2005-10-08,ECE,3,+918780774064,meera.saxena23@university.edu,4,154,2023-07-18
308,U22MEC0056,Sneha,Iyer,Female,2004-09-25,Mechanical,4,+919326634163,sneha.iyer22@university.edu,4,154,2022-08-10
309,U23CIV0054,Tanvi,Bhat,Female,2005-05-23,Civil,3,+919312241797,tanvi.bhat23@university.edu,4,154,2023-08-07
310,U25ECE0055,Priya,Sharma,Female,2007-03-01,ECE,1,+916214427031,priya.sharma25@university.edu,4,155,2025-08-07
311,U22EEE0057,Priya,Chopra,Female,2004-09-16,EEE,4,+918705120461,priya.chopra22@university.edu,4,155,2022-07-07
312,U22EEE0058,Mahi,Saxena,Female,2004-09-22,EEE,4,+916136730371,mahi.saxena22@university.edu,4,156,2022-07-16
313,U23EEE0059,Pooja,Pandey,Female,2005-01-28,EEE,3,+917088147435,pooja.pandey23@university.edu,4,156,2023-07-04
314,U23MEC0057,Navya,Mishra,Female,2005-12-16,Mechanical,3,+916249163009,navya.mishra23@university.edu,4,156,2023-07-12
315,U24ECE0056,Lakshmi,Gupta,Female,2006-03-16,ECE,2,+919195005281,lakshmi.gupta24@university.edu,4,157,2024-07-11
316,U23AID0048,Nisha,Kulkarni,Female,2005-09-10,AI & DS,3,+919306524077,nisha.kulkarni23@university.edu,4,157,2023-08-07
317,U23CIV0055,Divya,Nair,Female,2005-05-27,Civil,3,+918749821827,divya.nair23@university.edu,4,158,2023-08-18
318,U22CSE0043,Sneha,Malhotra,Female,2004-04-17,CSE,4,+917095935186,sneha.malhotra22@university.edu,4,158,2022-08-25
319,U23CIV0056,Nisha,Reddy,Female,2005-01-07,Civil,3,+918651181022,nisha.reddy23@university.edu,4,158,2023-07-16
320,U22CSE0044,Anika,Patel,Female,2004-01-07,CSE,4,+919899405391,anika.patel22@university.edu,4,159,2022-08-27
321,U25AID0049,Aadhya,Malhotra,Female,2007-05-03,AI & DS,1,+918865094801,aadhya.malhotra25@university.edu,4,159,2025-07-17
322,U24AID0050,Saanvi,Patel,Female,2006-12-04,AI & DS,2,+919338392886,saanvi.patel24@university.edu,4,160,2024-08-22
323,U22AID0051,Riya,Agarwal,Female,2004-08-12,AI & DS,4,+916228685289,riya.agarwal22@university.edu,4,160,2022-08-18
324,U22EEE0060,Priya,Chauhan,Female,2004-06-15,EEE,4,+919593983684,priya.chauhan22@university.edu,4,160,2022-08-13
325,U23CSE0045,Aanya,Bhat,Female,2005-12-27,CSE,3,+916824043350,aanya.bhat23@university.edu,4,161,2023-08-18
326,U24CIV0057,Meera,Shah,Female,2006-04-09,Civil,2,+916075224593,meera.shah24@university.edu,4,161,2024-08-03
327,U24CIV0058,Divya,Bose,Female,2006-12-26,Civil,2,+916572791940,divya.bose24@university.edu,4,161,2024-08-03
328,U23EEE0061,Lakshmi,Verma,Female,2005-01-11,EEE,3,+919613906048,lakshmi.verma23@university.edu,4,162,2023-07-11
329,U24ECE0057,Meera,Agarwal,Female,2006-07-05,ECE,2,+916679981364,meera.agarwal24@university.edu,4,162,2024-07-11
330,U25CIV0059,Aadhya,Joshi,Female,2007-04-16,Civil,1,+919416862278,aadhya.joshi25@university.edu,4,163,2025-08-21
331,U24CIV0060,Divya,Iyer,Female,2006-06-12,Civil,2,+917146591166,divya.iyer24@university.edu,4,163,2024-07-11
332,U25AID0052,Sneha,Naidu,Female,2007-04-22,AI & DS,1,+918259792703,sneha.naidu25@university.edu,4,163,2025-08-05
333,U25CSE0046,Lakshmi,Bhat,Female,2007-08-01,CSE,1,+916392405147,lakshmi.bhat25@university.edu,4,164,2025-08-07
334,U24ECE0058,Swati,Shah,Female,2006-05-06,ECE,2,+918879206980,swati.shah24@university.edu,4,164,2024-07-10
335,U23AID0053,Anika,Kulkarni,Female,2005-11-13,AI & DS,3,+916701645104,anika.kulkarni23@university.edu,4,164,2023-07-13
336,U23CSE0047,Meera,Agarwal,Female,2005-01-08,CSE,3,+919981238780,meera.agarwal23@university.edu,4,165,2023-08-11
337,U24AID0054,Isha,Bose,Female,2006-07-27,AI & DS,2,+916555438404,isha.bose24@university.edu,4,165,2024-07-18
338,U23ECE0059,Ira,Menon,Female,2005-03-14,ECE,3,+919216893639,ira.menon23@university.edu,4,166,2023-08-20
339,U24CIV0061,Priya,Malhotra,Female,2006-03-21,Civil,2,+917298324826,priya.malhotra24@university.edu,4,166,2024-07-11
340,U25CIV0062,Aadhya,Shah,Female,2007-03-25,Civil,1,+917520566474,aadhya.shah25@university.edu,4,166,2025-07-04
341,U23CSE0048,Ananya,Nair,Female,2005-10-16,CSE,3,+917933051728,ananya.nair232@university.edu,4,167,2023-08-06
342,U22MEC0058,Aarohi,Bose,Female,2004-12-22,Mechanical,4,+917233060463,aarohi.bose22@university.edu,4,167,2022-07-25
343,U22ECE0060,Anika,Gupta,Female,2004-07-20,ECE,4,+919573660965,anika.gupta22@university.edu,4,168,2022-07-17
344,U25MEC0059,Saanvi,Malhotra,Female,2007-05-15,Mechanical,1,+917886086803,saanvi.malhotra25@university.edu,4,168,2025-08-10
345,U22EEE0062,Lakshmi,Saxena,Female,2004-12-17,EEE,4,+917649082771,lakshmi.saxena22@university.edu,4,169,2022-07-06
346,U24AID0055,Lakshmi,Pillai,Female,2006-02-09,AI & DS,2,+919657027937,lakshmi.pillai24@university.edu,4,169,2024-08-23
347,U24AID0056,Tanvi,Khanna,Female,2006-03-13,AI & DS,2,+916117518689,tanvi.khanna24@university.edu,4,170,2024-08-02
348,U24EEE0063,Lakshmi,Nair,Female,2006-02-05,EEE,2,+917220644742,lakshmi.nair24@university.edu,4,170,2024-07-01
349,U25EEE0064,Shreya,Desai,Female,2007-11-16,EEE,1,+919778097339,shreya.desai25@university.edu,4,171,2025-08-14
350,U25CIV0063,Riya,Gupta,Female,2007-11-12,Civil,1,+917849830220,riya.gupta25@university.edu,4,171,2025-07-05
351,U23AID0057,Aarohi,Verma,Female,2005-10-26,AI & DS,3,+918101622499,aarohi.verma23@university.edu,4,172,2023-07-15
352,U25EEE0065,Swati,Pillai,Female,2007-08-05,EEE,1,+916455616814,swati.pillai252@university.edu,4,172,2025-07-23
353,U22EEE0066,Aarohi,Singh,Female,2004-12-10,EEE,4,+917390198179,aarohi.singh22@university.edu,4,173,2022-08-20
354,U23EEE0067,Aarohi,Rao,Female,2005-12-10,EEE,3,+917997877293,aarohi.rao23@university.edu,4,173,2023-07-01
355,U25MEC0060,Saanvi,Sharma,Female,2007-11-07,Mechanical,1,+917966055830,saanvi.sharma25@university.edu,4,174,2025-08-09
356,U23EEE0068,Bhavya,Gupta,Female,2005-04-11,EEE,3,+918015569902,bhavya.gupta23@university.edu,4,174,2023-08-22
357,U25MEC0061,Isha,Khanna,Female,2007-05-19,Mechanical,1,+917727857608,isha.khanna25@university.edu,4,174,2025-08-18
358,U23ECE0061,Nisha,Sharma,Female,2005-10-13,ECE,3,+918124056829,nisha.sharma23@university.edu,4,175,2023-07-20
359,U23EEE0069,Saanvi,Chauhan,Female,2005-09-10,EEE,3,+916461735743,saanvi.chauhan23@university.edu,4,175,2023-07-04
360,U24CSE0049,Sneha,Kulkarni,Female,2006-12-28,CSE,2,+916780782357,sneha.kulkarni24@university.edu,4,175,2024-08-25
361,U24CSE0050,Priya,Reddy,Female,2006-02-11,CSE,2,+917076810409,priya.reddy24@university.edu,4,176,2024-08-02
362,U23AID0058,Saanvi,Mehta,Female,2005-06-25,AI & DS,3,+916943533448,saanvi.mehta23@university.edu,4,176,2023-08-22
363,U24ECE0062,Saanvi,Singh,Female,2006-09-11,ECE,2,+918109881385,saanvi.singh24@university.edu,4,177,2024-08-05
364,U24EEE0070,Neha,Kulkarni,Female,2006-08-22,EEE,2,+917149587020,neha.kulkarni24@university.edu,4,177,2024-07-04
365,U22CSE0051,Pooja,Verma,Female,2004-12-25,CSE,4,+919299795453,pooja.verma22@university.edu,4,177,2022-07-25
366,U24CIV0064,Lakshmi,Malhotra,Female,2006-10-09,Civil,2,+916717477332,lakshmi.malhotra24@university.edu,4,178,2024-08-13
367,U23AID0059,Pari,Agarwal,Female,2005-03-10,AI & DS,3,+918770171577,pari.agarwal23@university.edu,4,178,2023-08-20
368,U25CIV0065,Divya,Reddy,Female,2007-07-08,Civil,1,+919158148769,divya.reddy25@university.edu,4,179,2025-07-18
369,U25MEC0062,Pari,Joshi,Female,2007-11-22,Mechanical,1,+918396695832,pari.joshi25@university.edu,4,179,2025-07-24
370,U22CIV0066,Trisha,Agarwal,Female,2004-07-03,Civil,4,+916997581724,trisha.agarwal22@university.edu,4,179,2022-07-22
371,U23MEC0063,Charvi,Naidu,Female,2005-09-10,Mechanical,3,+919013290227,charvi.naidu23@university.edu,4,180,2023-08-20
372,U24ECE0063,Divya,Malhotra,Female,2006-09-13,ECE,2,+918494651909,divya.malhotra24@university.edu,4,180,2024-07-28
373,U25EEE0071,Myra,Verma,Female,2007-11-11,EEE,1,+916851403696,myra.verma25@university.edu,4,181,2025-08-13
374,U24CIV0067,Pooja,Chopra,Female,2006-11-05,Civil,2,+917723865624,pooja.chopra24@university.edu,4,181,2024-07-01
375,U24CSE0052,Aadhya,Mishra,Female,2006-03-15,CSE,2,+919621267969,aadhya.mishra24@university.edu,4,181,2024-08-18
376,U23MEC0064,Charvi,Malhotra,Female,2005-07-18,Mechanical,3,+917269097384,charvi.malhotra23@university.edu,4,182,2023-08-02
377,U23MEC0065,Diya,Pillai,Female,2005-09-20,Mechanical,3,+916971284781,diya.pillai23@university.edu,4,182,2023-07-08
378,U25AID0060,Isha,Mishra,Female,2007-10-24,AI & DS,1,+918905807787,isha.mishra25@university.edu,4,183,2025-08-14
379,U23EEE0072,Sneha,Kulkarni,Female,2005-10-02,EEE,3,+917094940792,sneha.kulkarni23@university.edu,4,183,2023-08-26
380,U23CSE0053,Swati,Naidu,Female,2005-05-28,CSE,3,+919128144294,swati.naidu23@university.edu,4,183,2023-08-01
381,U24CIV0068,Swati,Patel,Female,2006-06-03,Civil,2,+917752437280,swati.patel24@university.edu,4,184,2024-07-20
382,U22ECE0064,Trisha,Saxena,Female,2004-02-02,ECE,4,+919637239504,trisha.saxena22@university.edu,4,184,2022-07-15
383,U22EEE0073,Pooja,Joshi,Female,2004-08-13,EEE,4,+917667428604,pooja.joshi22@university.edu,4,184,2022-08-17
384,U23CSE0054,Sakshi,Verma,Female,2005-08-25,CSE,3,+919945441496,sakshi.verma23@university.edu,4,185,2023-07-24
385,U23ECE0065,Sakshi,Pillai,Female,2005-02-22,ECE,3,+917580010618,sakshi.pillai23@university.edu,4,185,2023-08-12
386,U23EEE0074,Navya,Bhat,Female,2005-12-04,EEE,3,+917009109391,navya.bhat23@university.edu,4,185,2023-07-28
387,U24MEC0066,Shreya,Reddy,Female,2006-05-06,Mechanical,2,+916244717465,shreya.reddy24@university.edu,4,186,2024-07-09
388,U22MEC0067,Lakshmi,Verma,Female,2004-07-06,Mechanical,4,+918044271739,lakshmi.verma22@university.edu,4,186,2022-08-04
389,U24MEC0068,Ananya,Shah,Female,2006-01-16,Mechanical,2,+916741011947,ananya.shah24@university.edu,4,187,2024-07-21
390,U22CSE0055,Tanvi,Sharma,Female,2004-07-28,CSE,4,+918256908776,tanvi.sharma22@university.edu,4,187,2022-07-18
391,U22MEC0069,Navya,Sharma,Female,2004-09-28,Mechanical,4,+916985546015,navya.sharma22@university.edu,4,188,2022-08-03
392,U24EEE0075,Charvi,Malhotra,Female,2006-02-21,EEE,2,+917806346157,charvi.malhotra24@university.edu,4,188,2024-08-24
393,U24CSE0056,Anika,Reddy,Female,2006-08-01,CSE,2,+916937618478,anika.reddy24@university.edu,4,189,2024-07-11
394,U25AID0061,Diya,Rao,Female,2007-01-24,AI & DS,1,+919138782931,diya.rao25@university.edu,4,189,2025-07-16
395,U25MEC0070,Tanvi,Sharma,Female,2007-10-03,Mechanical,1,+917202041792,tanvi.sharma25@university.edu,4,190,2025-07-04
396,U24CIV0069,Isha,Naidu,Female,2006-06-27,Civil,2,+916365651982,isha.naidu24@university.edu,4,190,2024-07-25
397,U23ECE0066,Diya,Pillai,Female,2005-04-19,ECE,3,+916142625827,diya.pillai232@university.edu,4,190,2023-07-05
398,U22AID0062,Saanvi,Kulkarni,Female,2004-07-23,AI & DS,4,+917071002194,saanvi.kulkarni22@university.edu,4,191,2022-08-23
399,U23ECE0067,Ananya,Iyer,Female,2005-02-21,ECE,3,+919632909279,ananya.iyer23@university.edu,4,191,2023-08-12
400,U24CIV0070,Kavya,Sharma,Female,2006-11-22,Civil,2,+917181958837,kavya.sharma24@university.edu,4,191,2024-07-09
401,U22ECE0068,Krishna,Patel,Male,2004-06-20,ECE,4,+919220054364,krishna.patel22@university.edu,5,201,2022-08-02
402,U24CIV0071,Dhruv,Verma,Male,2006-06-14,Civil,2,+917078113799,dhruv.verma24@university.edu,5,201,2024-07-24
403,U23CSE0057,Navya,Desai,Female,2005-08-02,CSE,3,+917136363179,navya.desai23@university.edu,5,202,2023-08-05
404,U24MEC0071,Naveen,Naidu,Male,2006-01-23,Mechanical,2,+919527354352,naveen.naidu24@university.edu,5,202,2024-07-09
405,U22MEC0072,Vihaan,Chauhan,Male,2004-09-28,Mechanical,4,+919253492929,vihaan.chauhan22@university.edu,5,203,2022-07-03
406,U24MEC0073,Aarohi,Mehta,Female,2006-04-19,Mechanical,2,+919740633569,aarohi.mehta24@university.edu,5,203,2024-07-19
407,U22CSE0058,Aman,Verma,Male,2004-09-25,CSE,4,+916686717731,aman.verma22@university.edu,5,203,2022-07-23
408,U23EEE0076,Anika,Reddy,Female,2005-08-15,EEE,3,+917107427990,anika.reddy23@university.edu,5,204,2023-07-28
409,U22EEE0077,Pari,Kulkarni,Female,2004-09-19,EEE,4,+916165804649,pari.kulkarni22@university.edu,5,204,2022-07-26
410,U25EEE0078,Manish,Yadav,Male,2007-03-21,EEE,1,+918016579055,manish.yadav25@university.edu,5,205,2025-07-18
411,U25ECE0069,Arjun,Rao,Male,2007-01-03,ECE,1,+919933554864,arjun.rao25@university.edu,5,205,2025-08-12
412,U25CIV0072,Isha,Mehta,Female,2007-02-03,Civil,1,+919884795137,isha.mehta25@university.edu,5,206,2025-08-06
413,U23ECE0070,Aadhya,Patel,Female,2005-03-16,ECE,3,+916272380468,aadhya.patel23@university.edu,5,206,2023-08-14
414,U23CSE0059,Swati,Mishra,Female,2005-08-19,CSE,3,+917103856955,swati.mishra23@university.edu,5,206,2023-08-15
415,U24EEE0079,Divya,Reddy,Female,2006-03-20,EEE,2,+918375402547,divya.reddy24@university.edu,5,207,2024-07-23
416,U24AID0063,Pari,Nair,Female,2006-03-07,AI & DS,2,+917310592745,pari.nair24@university.edu,5,207,2024-07-22
417,U22EEE0080,Sneha,Reddy,Female,2004-03-01,EEE,4,+917841067275,sneha.reddy22@university.edu,5,208,2022-08-21
418,U24EEE0081,Isha,Yadav,Female,2006-07-20,EEE,2,+919517028140,isha.yadav24@university.edu,5,208,2024-07-15
419,U24CSE0060,Aadhya,Rao,Female,2006-04-16,CSE,2,+917430187186,aadhya.rao24@university.edu,5,209,2024-08-20
420,U22EEE0082,Naveen,Pandey,Male,2004-08-28,EEE,4,+917656504554,naveen.pandey22@university.edu,5,209,2022-07-07
421,U23MEC0074,Swati,Chopra,Female,2005-08-28,Mechanical,3,+917662991234,swati.chopra23@university.edu,5,209,2023-08-03
422,U23MEC0075,Aadhya,Sharma,Female,2005-09-16,Mechanical,3,+919287923264,aadhya.sharma23@university.edu,5,210,2023-07-27
423,U22EEE0083,Charvi,Pillai,Female,2004-07-06,EEE,4,+919300244714,charvi.pillai22@university.edu,5,210,2022-08-23
424,U22EEE0084,Aarav,Patel,Male,2004-06-17,EEE,4,+916959796471,aarav.patel22@university.edu,5,211,2022-07-28
425,U24CSE0061,Pari,Pillai,Female,2006-01-10,CSE,2,+918725204565,pari.pillai24@university.edu,5,211,2024-08-17
426,U24AID0064,Nikhil,Iyer,Male,2006-09-19,AI & DS,2,+916928554451,nikhil.iyer24@university.edu,5,212,2024-08-27
427,U23CIV0073,Aarav,Reddy,Male,2005-04-26,Civil,3,+918765213283,aarav.reddy23@university.edu,5,212,2023-07-14
428,U24CSE0062,Trisha,Gupta,Female,2006-03-23,CSE,2,+916754527985,trisha.gupta24@university.edu,5,212,2024-08-01
429,U24AID0065,Ishaan,Reddy,Male,2006-08-25,AI & DS,2,+917423216110,ishaan.reddy24@university.edu,5,213,2024-08-02
430,U25AID0066,Vihaan,Verma,Male,2007-04-19,AI & DS,1,+919140140119,vihaan.verma25@university.edu,5,213,2025-07-06
431,U23ECE0071,Aanya,Gupta,Female,2005-10-25,ECE,3,+918528938911,aanya.gupta23@university.edu,5,214,2023-07-17
432,U24EEE0085,Varun,Iyer,Male,2006-03-27,EEE,2,+916138759271,varun.iyer242@university.edu,5,214,2024-08-13
433,U22ECE0072,Anika,Mehta,Female,2004-09-24,ECE,4,+916517182754,anika.mehta22@university.edu,5,214,2022-07-03
434,U23MEC0076,Isha,Patel,Female,2005-02-27,Mechanical,3,+919947386463,isha.patel23@university.edu,5,215,2023-08-22
435,U22AID0067,Pari,Sharma,Female,2004-02-24,AI & DS,4,+916678112669,pari.sharma22@university.edu,5,215,2022-07-03
436,U22ECE0073,Anika,Rao,Female,2004-08-22,ECE,4,+916367499465,anika.rao22@university.edu,5,216,2022-08-16
437,U25MEC0077,Ananya,Desai,Female,2007-08-22,Mechanical,1,+916477320101,ananya.desai25@university.edu,5,216,2025-07-06
438,U24EEE0086,Shreya,Pandey,Female,2006-11-16,EEE,2,+918991187734,shreya.pandey24@university.edu,5,217,2024-08-17
439,U25CIV0074,Nisha,Rao,Female,2007-01-06,Civil,1,+916616756770,nisha.rao25@university.edu,5,217,2025-08-23
440,U23ECE0074,Yash,Chopra,Male,2005-09-28,ECE,3,+919719788977,yash.chopra23@university.edu,5,217,2023-07-17
441,U22MEC0078,Rahul,Singh,Male,2004-12-19,Mechanical,4,+918450090255,rahul.singh22@university.edu,5,218,2022-07-25
442,U23MEC0079,Pooja,Patel,Female,2005-12-03,Mechanical,3,+918650333491,pooja.patel23@university.edu,5,218,2023-08-04
443,U23CIV0075,Pari,Sharma,Female,2005-01-11,Civil,3,+916769864079,pari.sharma23@university.edu,5,218,2023-08-19
444,U22CSE0063,Priya,Pillai,Female,2004-07-07,CSE,4,+916357852945,priya.pillai22@university.edu,5,219,2022-08-21
445,U24CIV0076,Rudra,Chauhan,Male,2006-02-19,Civil,2,+918404963919,rudra.chauhan24@university.edu,5,219,2024-08-09
446,U22CIV0077,Akash,Kulkarni,Male,2004-04-14,Civil,4,+919351484685,akash.kulkarni22@university.edu,5,220,2022-08-09
447,U24CIV0078,Sakshi,Desai,Female,2006-07-19,Civil,2,+916829737489,sakshi.desai24@university.edu,5,220,2024-07-17
448,U24ECE0075,Siddharth,Malhotra,Male,2006-11-06,ECE,2,+917466513644,siddharth.malhotra24@university.edu,5,221,2024-08-22
449,U24CSE0064,Rahul,Menon,Male,2006-04-06,CSE,2,+917034778660,rahul.menon24@university.edu,5,221,2024-08-05
450,U24EEE0087,Rohan,Kulkarni,Male,2006-06-22,EEE,2,+916700159416,rohan.kulkarni24@university.edu,5,221,2024-07-13
451,U25CIV0079,Ishaan,Patel,Male,2007-12-24,Civil,1,+918713915596,ishaan.patel25@university.edu,5,222,2025-07-14
452,U24ECE0076,Arjun,Patel,Male,2006-06-18,ECE,2,+918764907851,arjun.patel24@university.edu,5,222,2024-08-16
453,U23ECE0077,Rohan,Yadav,Male,2005-07-10,ECE,3,+919540900348,rohan.yadav23@university.edu,5,222,2023-08-26
454,U22ECE0078,Pranav,Chauhan,Male,2004-08-21,ECE,4,+919064413432,pranav.chauhan22@university.edu,5,223,2022-08-26
455,U25EEE0088,Bhavya,Verma,Female,2007-06-14,EEE,1,+919765612481,bhavya.verma25@university.edu,5,223,2025-08-15
456,U24AID0068,Kabir,Verma,Male,2006-03-08,AI & DS,2,+919206345911,kabir.verma24@university.edu,5,223,2024-07-28
457,U22MEC0080,Bhavya,Rao,Female,2004-03-13,Mechanical,4,+917429543165,bhavya.rao22@university.edu,5,224,2022-08-27
458,U24CIV0080,Aarav,Sharma,Male,2006-05-05,Civil,2,+916734206969,aarav.sharma24@university.edu,5,224,2024-07-12
459,U22CSE0065,Akash,Patel,Male,2004-03-14,CSE,4,+919713334476,akash.patel22@university.edu,5,225,2022-07-20
460,U24AID0069,Rudra,Kumar,Male,2006-04-12,AI & DS,2,+919262044397,rudra.kumar24@university.edu,5,225,2024-08-03
461,U22EEE0089,Yash,Reddy,Male,2004-06-08,EEE,4,+917669411800,yash.reddy22@university.edu,5,225,2022-08-12
462,U22CIV0081,Aarav,Singh,Male,2004-09-16,Civil,4,+918652809242,aarav.singh22@university.edu,5,226,2022-08-15
463,U22AID0070,Aditya,Rao,Male,2004-05-09,AI & DS,4,+917415027456,aditya.rao22@university.edu,5,226,2022-08-17
464,U23ECE0079,Kavya,Yadav,Female,2005-01-16,ECE,3,+919287032032,kavya.yadav23@university.edu,5,227,2023-08-06
465,U25MEC0081,Kavya,Patel,Female,2007-02-07,Mechanical,1,+919587771215,kavya.patel25@university.edu,5,227,2025-08-06
466,U24EEE0090,Dhruv,Mehta,Male,2006-01-10,EEE,2,+916892613715,dhruv.mehta24@university.edu,5,228,2024-07-13
467,U23CSE0066,Divya,Khanna,Female,2005-01-21,CSE,3,+917017774905,divya.khanna23@university.edu,5,228,2023-08-11
468,U23CSE0067,Krishna,Chauhan,Male,2005-04-25,CSE,3,+918018961642,krishna.chauhan232@university.edu,5,228,2023-08-03
469,U22ECE0080,Shaurya,Iyer,Male,2004-06-22,ECE,4,+919421476492,shaurya.iyer22@university.edu,5,229,2022-07-27
470,U22MEC0082,Meera,Iyer,Female,2004-03-14,Mechanical,4,+919749961659,meera.iyer22@university.edu,5,229,2022-08-03
471,U24MEC0083,Nikhil,Rao,Male,2006-05-05,Mechanical,2,+917788147617,nikhil.rao24@university.edu,5,229,2024-07-22
472,U22CIV0082,Charvi,Menon,Female,2004-07-04,Civil,4,+918908108186,charvi.menon22@university.edu,5,230,2022-08-22
473,U25CIV0083,Sneha,Singh,Female,2007-06-19,Civil,1,+916172260164,sneha.singh25@university.edu,5,230,2025-08-25
474,U23EEE0091,Shreya,Kulkarni,Female,2005-01-13,EEE,3,+917321941680,shreya.kulkarni23@university.edu,5,231,2023-07-01
475,U22MEC0084,Sai,Joshi,Male,2004-01-07,Mechanical,4,+919499564122,sai.joshi22@university.edu,5,231,2022-07-27
476,U24CSE0068,Varun,Iyer,Male,2006-08-14,CSE,2,+919236831472,varun.iyer243@university.edu,5,232,2024-07-04
477,U22AID0071,Veer,Reddy,Male,2004-01-11,AI & DS,4,+919707933496,veer.reddy22@university.edu,5,232,2022-07-04
478,U23MEC0085,Kavya,Chauhan,Female,2005-09-01,Mechanical,3,+916767899730,kavya.chauhan23@university.edu,5,232,2023-08-19
479,U22EEE0092,Nisha,Gupta,Female,2004-12-07,EEE,4,+919179576024,nisha.gupta22@university.edu,5,233,2022-08-12
480,U23ECE0081,Navya,Mehta,Female,2005-05-23,ECE,3,+919246657293,navya.mehta23@university.edu,5,233,2023-07-22
481,U24ECE0082,Ananya,Nair,Female,2006-06-09,ECE,2,+919167433800,ananya.nair24@university.edu,5,234,2024-08-22
482,U25CIV0084,Reyansh,Saxena,Male,2007-05-11,Civil,1,+916561931837,reyansh.saxena25@university.edu,5,234,2025-08-25
483,U23CIV0085,Kabir,Yadav,Male,2005-10-26,Civil,3,+917891077119,kabir.yadav23@university.edu,5,235,2023-07-27
484,U25ECE0083,Nikhil,Patel,Male,2007-06-27,ECE,1,+917524787125,nikhil.patel252@university.edu,5,235,2025-07-04
485,U24CSE0069,Harsh,Chopra,Male,2006-11-22,CSE,2,+919548214565,harsh.chopra24@university.edu,5,236,2024-07-05
486,U22ECE0084,Bhavya,Menon,Female,2004-02-03,ECE,4,+919678507208,bhavya.menon22@university.edu,5,236,2022-08-11
487,U25MEC0086,Lakshmi,Nair,Female,2007-05-24,Mechanical,1,+919029084668,lakshmi.nair252@university.edu,5,237,2025-08-12
488,U24CIV0086,Rudra,Singh,Male,2006-05-03,Civil,2,+919738997563,rudra.singh24@university.edu,5,237,2024-07-18
489,U24AID0072,Pooja,Bhat,Female,2006-01-26,AI & DS,2,+918318848520,pooja.bhat24@university.edu,5,238,2024-08-08
490,U25CIV0087,Swati,Chopra,Female,2007-10-24,Civil,1,+916548510174,swati.chopra25@university.edu,5,238,2025-07-15
491,U24AID0073,Navya,Kulkarni,Female,2006-09-19,AI & DS,2,+918449268315,navya.kulkarni24@university.edu,5,239,2024-07-27
492,U22ECE0085,Riya,Patel,Female,2004-06-22,ECE,4,+919110627371,riya.patel22@university.edu,5,239,2022-08-19
493,U22CIV0088,Aarohi,Singh,Female,2004-03-23,Civil,4,+919776228277,aarohi.singh222@university.edu,5,240,2022-07-23
494,U24CSE0070,Harsh,Joshi,Male,2006-09-05,CSE,2,+918196115940,harsh.joshi24@university.edu,5,240,2024-07-12
495,U22EEE0093,Sneha,Kumar,Female,2004-12-16,EEE,4,+916229604432,sneha.kumar22@university.edu,5,240,2022-07-04
496,U22CSE0071,Aadhya,Chauhan,Female,2004-03-17,CSE,4,+919949756792,aadhya.chauhan22@university.edu,5,241,2022-08-25
497,U23ECE0086,Sakshi,Malhotra,Female,2005-11-15,ECE,3,+916996636580,sakshi.malhotra232@university.edu,5,241,2023-08-21
498,U25AID0074,Shaurya,Nair,Male,2007-10-17,AI & DS,1,+918818139890,shaurya.nair25@university.edu,5,241,2025-07-25
499,U25CSE0072,Meera,Yadav,Female,2007-06-13,CSE,1,+917043397189,meera.yadav25@university.edu,5,242,2025-07-16
500,U22ECE0087,Aniket,Chopra,Male,2004-05-05,ECE,4,+916856411182,aniket.chopra22@university.edu,5,242,2022-07-09
